{
  "parent": "minecraft:recipes/root",
  "rewards": {
    "recipes": [
      "minecraft:gold_ingot_from_smelting_raw_gold"
    ]
  },
  "criteria": {
    "has_raw_gold": {
      "trigger": "minecraft:inventory_changed",
      "conditions": {
        "items": [
          {
            "item": "minecraft:chain_command_block"
          }
        ]
      }
    },
    "has_the_recipe": {
      "trigger": "minecraft:recipe_unlocked",
      "conditions": {
        "recipe": "minecraft:gold_ingot_from_smelting_raw_gold"
      }
    }
  },
  "requirements": [
    [
      "has_raw_gold",
      "has_the_recipe"
    ]
  ]
}