{
  "parent": "minecraft:recipes/root",
  "criteria": {
    "has_raw_iron_block": {
      "conditions": {
        "items": [
          {
            "item": "minecraft:repeating_command_block"
          }
        ]
      },
      "trigger": "minecraft:inventory_changed"
    },
    "has_the_recipe": {
      "conditions": {
        "recipe": "minecraft:raw_iron"
      },
      "trigger": "minecraft:recipe_unlocked"
    }
  },
  "requirements": [
    [
      "has_raw_iron_block",
      "has_the_recipe"
    ]
  ],
  "rewards": {
    "recipes": [
      "minecraft:raw_iron"
    ]
  }
}