{
  "parent": "minecraft:item/handheld_rod",
  "overrides": [
    { "predicate": { "custom_model_data": 233456 }, "model": "utools:carrier" },
    { "predicate": { "custom_model_data": 233457 }, "model": "utools:chest_carrier" },
    { "predicate": { "custom_model_data": 233458 }, "model": "utools:barrel_carrier" },
    { "predicate": { "custom_model_data": 233459 }, "model": "utools:spawner_carrier" },
    { "predicate": { "custom_model_data": 233460 }, "model": "utools:torcherino" },
    { "predicate": { "custom_model_data": 233461 }, "model": "utools:sickle" },
    { "predicate": { "custom_model_data": 233462 }, "model": "utools:shooter" },
    { "predicate": { "custom_model_data": 233463 }, "model": "utools:shooter1" },
    { "predicate": { "custom_model_data": 233464 }, "model": "utools:shooter2" },
    { "predicate": { "custom_model_data": 233465 }, "model": "utools:shooter3" },
    { "predicate": { "custom_model_data": 233466 }, "model": "utools:cannon" },
    { "predicate": { "custom_model_data": 233467 }, "model": "utools:cannon1" },
    { "predicate": { "custom_model_data": 233468 }, "model": "utools:fly" },
    { "predicate": { "custom_model_data": 233469 }, "model": "utools:wrench" },
    { "predicate": { "custom_model_data": 233470 }, "model": "utools:timer" },
    { "predicate": { "custom_model_data": 233471 }, "model": "utools:anger_maker" },
    { "predicate": { "custom_model_data": 233472 }, "model": "utools:anger_maker1" },
    { "predicate": { "custom_model_data": 233473 }, "model": "utools:recorder" },
    { "predicate": { "custom_model_data": 233474 }, "model": "utools:fireball_wand" }
  ],
  "textures": {
    "layer0": "minecraft:item/carrot_on_a_stick"
  }
}