{
  "pools": [
    {
      "rolls": 1,
      "entries": [
        {
          "type": "minecraft:item",
          "name": "minecraft:written_book",
          "functions": [
            {
              "function": "minecraft:set_nbt",
              "tag": "{Teleport:['chest'],CustomModelData:233666,display:{Name:'{\"translate\":\"teleport.chest\",\"italic\":false}'},pages:['[{\"text\":\"\",\"color\":\"white\"},{\"translate\":\"teleport.speed.title\"},\"\\\\n   \",{\"text\":\"f\",\"font\":\"teleport:speed\",\"clickEvent\":{\"action\":\"run_command\",\"value\":\"/function teleport:speed/f\"},\"hoverEvent\":{\"action\":\"show_text\",\"contents\":{\"text\":\"x 16\"}}},{\"text\":\"e\",\"font\":\"teleport:speed\",\"clickEvent\":{\"action\":\"run_command\",\"value\":\"/function teleport:speed/e\"},\"hoverEvent\":{\"action\":\"show_text\",\"contents\":{\"text\":\"x 15\"}}},{\"text\":\"d\",\"font\":\"teleport:speed\",\"clickEvent\":{\"action\":\"run_command\",\"value\":\"/function teleport:speed/d\"},\"hoverEvent\":{\"action\":\"show_text\",\"contents\":{\"text\":\"x 14\"}}},{\"text\":\"c\",\"font\":\"teleport:speed\",\"clickEvent\":{\"action\":\"run_command\",\"value\":\"/function teleport:speed/c\"},\"hoverEvent\":{\"action\":\"show_text\",\"contents\":{\"text\":\"x 13\"}}},{\"text\":\"b\",\"font\":\"teleport:speed\",\"clickEvent\":{\"action\":\"run_command\",\"value\":\"/function teleport:speed/b\"},\"hoverEvent\":{\"action\":\"show_text\",\"contents\":{\"text\":\"x 12\"}}},{\"text\":\"a\",\"font\":\"teleport:speed\",\"clickEvent\":{\"action\":\"run_command\",\"value\":\"/function teleport:speed/a\"},\"hoverEvent\":{\"action\":\"show_text\",\"contents\":{\"text\":\"x 11\"}}},{\"text\":\"9\",\"font\":\"teleport:speed\",\"clickEvent\":{\"action\":\"run_command\",\"value\":\"/function teleport:speed/9\"},\"hoverEvent\":{\"action\":\"show_text\",\"contents\":{\"text\":\"x 10\"}}},{\"text\":\"8\",\"font\":\"teleport:speed\",\"clickEvent\":{\"action\":\"run_command\",\"value\":\"/function teleport:speed/8\"},\"hoverEvent\":{\"action\":\"show_text\",\"contents\":{\"text\":\"x 9\"}}},{\"text\":\"7\",\"font\":\"teleport:speed\",\"clickEvent\":{\"action\":\"run_command\",\"value\":\"/function teleport:speed/7\"},\"hoverEvent\":{\"action\":\"show_text\",\"contents\":{\"text\":\"x 8\"}}},{\"text\":\"6\",\"font\":\"teleport:speed\",\"clickEvent\":{\"action\":\"run_command\",\"value\":\"/function teleport:speed/6\"},\"hoverEvent\":{\"action\":\"show_text\",\"contents\":{\"text\":\"x 7\"}}},{\"text\":\"5\",\"font\":\"teleport:speed\",\"clickEvent\":{\"action\":\"run_command\",\"value\":\"/function teleport:speed/5\"},\"hoverEvent\":{\"action\":\"show_text\",\"contents\":{\"text\":\"x 6\"}}},{\"text\":\"4\",\"font\":\"teleport:speed\",\"clickEvent\":{\"action\":\"run_command\",\"value\":\"/function teleport:speed/4\"},\"hoverEvent\":{\"action\":\"show_text\",\"contents\":{\"text\":\"x 5\"}}},{\"text\":\"3\",\"font\":\"teleport:speed\",\"clickEvent\":{\"action\":\"run_command\",\"value\":\"/function teleport:speed/3\"},\"hoverEvent\":{\"action\":\"show_text\",\"contents\":{\"text\":\"x 4\"}}},{\"text\":\"2\",\"font\":\"teleport:speed\",\"clickEvent\":{\"action\":\"run_command\",\"value\":\"/function teleport:speed/2\"},\"hoverEvent\":{\"action\":\"show_text\",\"contents\":{\"text\":\"x 3\"}}},{\"text\":\"1\",\"font\":\"teleport:speed\",\"clickEvent\":{\"action\":\"run_command\",\"value\":\"/function teleport:speed/1\"},\"hoverEvent\":{\"action\":\"show_text\",\"contents\":{\"text\":\"x 2\"}}},{\"text\":\"0\",\"font\":\"teleport:speed\",\"clickEvent\":{\"action\":\"run_command\",\"value\":\"/function teleport:speed/0\"},\"hoverEvent\":{\"action\":\"show_text\",\"contents\":{\"text\":\"x 1\"}}},\"\\\\n\\\\n\",{\"translate\":\"teleport.chest.space\"},{\"translate\":\"teleport.chest.title\",\"clickEvent\":{\"action\":\"run_command\",\"value\":\"/function teleport:item\"},\"hoverEvent\":{\"action\":\"show_text\",\"contents\":{\"translate\":\"teleport.chest.title.hover\"}}},\"\\\\n\\\\n             \",{\"text\":\"限\",\"font\":\"teleport:16\",\"clickEvent\":{\"action\":\"run_command\",\"value\":\"/function teleport:build_limit/tag\"},\"hoverEvent\":{\"action\":\"show_text\",\"contents\":{\"translate\":\"teleport.build_limit\"}}},\"\\\\n\\\\n             \",{\"text\":\"顶\",\"font\":\"teleport:16\",\"clickEvent\":{\"action\":\"run_command\",\"value\":\"/function teleport:top/tag\"},\"hoverEvent\":{\"action\":\"show_text\",\"contents\":{\"translate\":\"teleport.top\"}}},\"\\\\n\\\\n     \",{\"text\":\"穿\",\"font\":\"teleport:16\",\"clickEvent\":{\"action\":\"run_command\",\"value\":\"/function teleport:through/tag\"},\"hoverEvent\":{\"action\":\"show_text\",\"contents\":{\"translate\":\"teleport.through\"}}},{\"text\":\"前\",\"font\":\"teleport:16\",\"clickEvent\":{\"action\":\"run_command\",\"value\":\"/function teleport:forward/tag\"},\"hoverEvent\":{\"action\":\"show_text\",\"contents\":{\"translate\":\"teleport.forward\"}}},{\"text\":\"飞\",\"font\":\"teleport:16\",\"clickEvent\":{\"action\":\"run_command\",\"value\":\"/function teleport:fly/book/switch\"},\"hoverEvent\":{\"action\":\"show_text\",\"contents\":{\"translate\":\"teleport.fly.switch\"}}},{\"text\":\"后\",\"font\":\"teleport:16\",\"clickEvent\":{\"action\":\"run_command\",\"value\":\"/function teleport:backward/tag\"},\"hoverEvent\":{\"action\":\"show_text\",\"contents\":{\"translate\":\"teleport.backward\"}}},{\"text\":\"撤\",\"font\":\"teleport:16\",\"clickEvent\":{\"action\":\"run_command\",\"value\":\"/function teleport:undo/tag\"},\"hoverEvent\":{\"action\":\"show_text\",\"contents\":{\"translate\":\"teleport.undo\"}}},\"\\\\n\\\\n             \",{\"text\":\"取\",\"font\":\"teleport:16\",\"clickEvent\":{\"action\":\"run_command\",\"value\":\"/function teleport:fly/book/cancel\"},\"hoverEvent\":{\"action\":\"show_text\",\"contents\":{\"translate\":\"teleport.fly.cancel\"}}},\"\\\\n\\\\n   \",{\"text\":\"随\",\"font\":\"teleport:16\",\"clickEvent\":{\"action\":\"run_command\",\"value\":\"/function teleport:random/tag\"},\"hoverEvent\":{\"action\":\"show_text\",\"contents\":{\"translate\":\"teleport.random\"}}},{\"text\":\"界\",\"font\":\"teleport:16\",\"clickEvent\":{\"action\":\"run_command\",\"value\":\"/function teleport:the_nether/tag\"},\"hoverEvent\":{\"action\":\"show_text\",\"contents\":{\"translate\":\"teleport.the_nether\"}}},{\"text\":\"点\",\"font\":\"teleport:16\",\"clickEvent\":{\"action\":\"run_command\",\"value\":\"/function teleport:point/tag\"},\"hoverEvent\":{\"action\":\"show_text\",\"contents\":{\"translate\":\"teleport.point\"}}},{\"text\":\"生\",\"font\":\"teleport:16\",\"clickEvent\":{\"action\":\"run_command\",\"value\":\"/function teleport:spawn/tag\"},\"hoverEvent\":{\"action\":\"show_text\",\"contents\":{\"translate\":\"teleport.spawn\"}}},{\"text\":\"史\",\"font\":\"teleport:16\",\"clickEvent\":{\"action\":\"run_command\",\"value\":\"/function teleport:history/tag\"},\"hoverEvent\":{\"action\":\"show_text\",\"contents\":{\"translate\":\"teleport.history\"}}},{\"text\":\"设\",\"font\":\"teleport:16\",\"clickEvent\":{\"action\":\"run_command\",\"value\":\"/function teleport:settings/display\"},\"hoverEvent\":{\"action\":\"show_text\",\"contents\":{\"translate\":\"teleport.settings\"}}}]'],title:\"Muggle2077\",author:\"Muggle2077\",HideFlags:32}"
            }
          ]
        }
      ]
    }
  ]
}