{
  "pools": [
    {
      "rolls": 1,
      "entries": [
        {
          "type": "minecraft:item",
          "name": "minecraft:written_book",
          "functions": [
            {
              "function": "minecraft:set_nbt",
              "tag": "{Teleport:['chest'],CustomModelData:233666,display:{Name:'{\"translate\":\"teleport.chest\",\"italic\":false}'},pages:['[{\"text\":\"\",\"color\":\"white\"},{\"translate\":\"teleport.chest.title1\"},{\"translate\":\"teleport.chest.title2\",\"clickEvent\":{\"action\":\"run_command\",\"value\":\"/function teleport:generic/all_tools\"},\"hoverEvent\":{\"action\":\"show_text\",\"contents\":{\"translate\":\"teleport.chest.title3\"}}},\"\\\\n\\\\n\\\\n\\\\n\\\\n\\\\n\\\\n\\\\n\\\\n      \",{\"text\":\"传\",\"font\":\"teleport:gui\",\"clickEvent\":{\"action\":\"run_command\",\"value\":\"/function teleport:forward/tag\"},\"hoverEvent\":{\"action\":\"show_text\",\"contents\":{\"translate\":\"teleport.forward\"}}},\" \",{\"text\":\"后\",\"font\":\"teleport:gui\",\"clickEvent\":{\"action\":\"run_command\",\"value\":\"/function teleport:backward/tag\"},\"hoverEvent\":{\"action\":\"show_text\",\"contents\":{\"translate\":\"teleport.backward\"}}},\" \",{\"text\":\"穿\",\"font\":\"teleport:gui\",\"clickEvent\":{\"action\":\"run_command\",\"value\":\"/function teleport:through/tag\"},\"hoverEvent\":{\"action\":\"show_text\",\"contents\":{\"translate\":\"teleport.through\"}}},\" \",{\"text\":\"顶\",\"font\":\"teleport:gui\",\"clickEvent\":{\"action\":\"run_command\",\"value\":\"/function teleport:top/tag\"},\"hoverEvent\":{\"action\":\"show_text\",\"contents\":{\"translate\":\"teleport.top\"}}},\" \",{\"text\":\"界\",\"font\":\"teleport:gui\",\"clickEvent\":{\"action\":\"run_command\",\"value\":\"/function teleport:the_nether/tag\"},\"hoverEvent\":{\"action\":\"show_text\",\"contents\":{\"translate\":\"teleport.the_nether\"}}},\"\\\\n      \",{\"text\":\"随\",\"font\":\"teleport:gui\",\"clickEvent\":{\"action\":\"run_command\",\"value\":\"/function teleport:random/tag\"},\"hoverEvent\":{\"action\":\"show_text\",\"contents\":{\"translate\":\"teleport.random\"}}},\" \",{\"text\":\"撤\",\"font\":\"teleport:gui\",\"clickEvent\":{\"action\":\"run_command\",\"value\":\"/function teleport:undo/tag\"},\"hoverEvent\":{\"action\":\"show_text\",\"contents\":{\"translate\":\"teleport.undo\"}}},\" \",{\"text\":\"史\",\"font\":\"teleport:gui\",\"clickEvent\":{\"action\":\"run_command\",\"value\":\"/function teleport:history/tag\"},\"hoverEvent\":{\"action\":\"show_text\",\"contents\":{\"translate\":\"teleport.history\"}}},\" \",{\"text\":\"点\",\"font\":\"teleport:gui\",\"clickEvent\":{\"action\":\"run_command\",\"value\":\"/function teleport:point/tag\"},\"hoverEvent\":{\"action\":\"show_text\",\"contents\":{\"translate\":\"teleport.point\"}}},\" \",{\"text\":\"设\",\"font\":\"teleport:gui\",\"clickEvent\":{\"action\":\"run_command\",\"value\":\"/function teleport:settings/display\"},\"hoverEvent\":{\"action\":\"show_text\",\"contents\":{\"translate\":\"teleport.settings\"}}},\"\\\\n      \",{\"text\":\"飞\",\"font\":\"teleport:gui\",\"clickEvent\":{\"action\":\"run_command\",\"value\":\"/function teleport:fly/book/switch\"},\"hoverEvent\":{\"action\":\"show_text\",\"contents\":{\"translate\":\"teleport.fly.switch\"}}},\" \",{\"text\":\"取\",\"font\":\"teleport:gui\",\"clickEvent\":{\"action\":\"run_command\",\"value\":\"/function teleport:fly/book/cancel\"},\"hoverEvent\":{\"action\":\"show_text\",\"contents\":{\"translate\":\"teleport.fly.cancel2\"}}}]'],title:\"Muggle2077\",author:\"Muggle2077\",HideFlags:32}"
            }
          ]
        }
      ]
    }
  ]
}