{
  "pools": [
    {
      "rolls": 1,
      "entries": [
        {
          "type": "minecraft:item",
          "name": "minecraft:carrot_on_a_stick",
          "functions": [
            {
              "function": "minecraft:set_nbt",
              "tag": "{Teleport:['#no_data','fly'],CustomModelData:233676,display:{Name:'{\"translate\":\"teleport.fly\",\"italic\":false}'},AttributeModifiers:[{AttributeName:\"minecraft:generic.movement_speed\",Amount:3.63284688441047d,Operation:1,UUID:[I;233666,233666,233666,233666]}],HideFlags:2}"
            }
          ]
        }
      ]
    }
  ]
}