{
  "pools": [
    {
      "rolls": 1,
      "entries": [
        {
          "type": "minecraft:item",
          "name": "minecraft:written_book",
          "functions": [
            {
              "function": "minecraft:set_nbt",
              "tag": "{Teleport:['all'],CustomModelData:233666,pages:['[{\"text\":\"\",\"color\":\"white\"},{\"text\":\"          传送:全部\\\\n\\\\n\\\\n\\\\n\\\\n\\\\n\\\\n\\\\n\\\\n      \",\"color\":\"gray\"},{\"text\":\"传\",\"font\":\"teleport:gui\",\"clickEvent\":{\"action\":\"run_command\",\"value\":\"/function teleport:forward/tag\"},\"hoverEvent\":{\"action\":\"show_text\",\"value\":\"传送:向前\"}},\" \",{\"text\":\"后\",\"font\":\"teleport:gui\",\"clickEvent\":{\"action\":\"run_command\",\"value\":\"/function teleport:backward/tag\"},\"hoverEvent\":{\"action\":\"show_text\",\"value\":\"传送:向后\"}},\" \",{\"text\":\"穿\",\"font\":\"teleport:gui\",\"clickEvent\":{\"action\":\"run_command\",\"value\":\"/function teleport:through/tag\"},\"hoverEvent\":{\"action\":\"show_text\",\"value\":\"传送:穿墙\"}},\" \",{\"text\":\"顶\",\"font\":\"teleport:gui\",\"clickEvent\":{\"action\":\"run_command\",\"value\":\"/function teleport:top/tag\"},\"hoverEvent\":{\"action\":\"show_text\",\"value\":\"传送:顶部\"}},\" \",{\"text\":\"界\",\"font\":\"teleport:gui\",\"clickEvent\":{\"action\":\"run_command\",\"value\":\"/function teleport:the_nether/tag\"},\"hoverEvent\":{\"action\":\"show_text\",\"value\":\"传送:下界\"}},\"\\\\n      \",{\"text\":\"随\",\"font\":\"teleport:gui\",\"clickEvent\":{\"action\":\"run_command\",\"value\":\"/function teleport:random/tag\"},\"hoverEvent\":{\"action\":\"show_text\",\"value\":\"传送:随机\"}},\" \",{\"text\":\"撤\",\"font\":\"teleport:gui\",\"clickEvent\":{\"action\":\"run_command\",\"value\":\"/function teleport:undo/tag\"},\"hoverEvent\":{\"action\":\"show_text\",\"value\":\"传送:撤销\"}},\" \",{\"text\":\"史\",\"font\":\"teleport:gui\",\"clickEvent\":{\"action\":\"run_command\",\"value\":\"/function teleport:history/tag\"},\"hoverEvent\":{\"action\":\"show_text\",\"value\":\"传送:历史\"}},\" \",{\"text\":\"点\",\"font\":\"teleport:gui\",\"clickEvent\":{\"action\":\"run_command\",\"value\":\"/function teleport:point/tag\"},\"hoverEvent\":{\"action\":\"show_text\",\"value\":\"传送:传送点\"}},\" \",{\"text\":\"设\",\"font\":\"teleport:gui\",\"clickEvent\":{\"action\":\"run_command\",\"value\":\"/function teleport:settings\"},\"hoverEvent\":{\"action\":\"show_text\",\"value\":\"传送:设置\"}}]'],title:'传送:全部',author:'Muggle2077',HideFlags:32}"
            }
          ]
        }
      ]
    }
  ]
}