{
  "pools": [
    {
      "rolls": 1,
      "entries": [
        {
          "type": "minecraft:item",
          "name": "minecraft:writable_book",
          "functions": [
            {
              "function": "minecraft:set_nbt",
              "tag": "{Teleport:['point-set'],CustomModelData:233666,display:{Name:'{\"text\":\"修改传送点\",\"italic\":false}'},pages:['修改传送点:                  成书书名 --> 传送点名称   当前位置 --> 传送点位置 点击左下角 [署名] 继续。']}"
            }
          ]
        }
      ]
    }
  ]
}