{
  "pools": [
    {
      "rolls": 1,
      "entries": [
        {
          "type": "minecraft:item",
          "name": "minecraft:carrot_on_a_stick",
          "functions": [
            {
              "function": "minecraft:set_nbt",
              "tag": "{CustomModelData:233466,display:{Name:'{\"text\":\"加农炮\",\"italic\":false}',Lore:['{\"text\":\"未装填\",\"color\":\"gray\",\"italic\":false}']},UTools:['cannon'],TNT:{}}"
            }
          ]
        }
      ]
    }
  ]
}