{
  "pools": [
    {
      "rolls": 1,
      "entries": [
        {
          "type": "minecraft:item",
          "name": "minecraft:carrot_on_a_stick",
          "functions": [
            {
              "function": "minecraft:set_nbt",
              "tag": "{display:{Name:'{\"text\":\"愤怒制造者\",\"italic\":false}',Lore:['{\"text\":\"无实体\",\"color\":\"gray\",\"italic\":false}']},AngerMaker:1b,StoredAnger:0b}"
            }
          ]
        }
      ]
    }
  ]
}