{
  "pools": [
    {
      "rolls": 1,
      "entries": [
        {
          "type": "minecraft:item",
          "name": "minecraft:carrot_on_a_stick",
          "functions": [
            {
              "function": "minecraft:copy_nbt",
              "source": "this",
              "ops": [
                {
                  "source": "ArmorItems[0].tag",
                  "target": "{}",
                  "op": "merge"
                }
              ]
            },
            {
              "function": "minecraft:set_nbt",
              "tag": "{display:{Lore:['{\"text\":\"无实体\",\"color\":\"gray\",\"italic\":false}']},StoredAnger:0b}"
            }
          ]
        }
      ]
    }
  ]
}