{
  "condition": "minecraft:alternative",
  "terms": [
    {
      "condition": "minecraft:inverted",
      "term": {
        "condition": "minecraft:entity_properties",
        "entity": "this",
        "predicate": {
          "equipment": {
            "mainhand": {
              "nbt": "{TNT:{id:'minecraft:tnt'}}"
            }
          }
        }
      }
    },
    {
      "condition": "minecraft:inverted",
      "term": {
        "condition": "minecraft:entity_scores",
        "entity": "this",
        "scores": {
          "utools.shift": { "min": 1, "max": 2147483647 }
        }
      }
    }
  ]
}