{
  "display": {
    "icon": {
      "item": "minecraft:warped_fungus_on_a_stick",
      "nbt": "{CustomModelData:233460}"
    },
    "title": "森林蝙蝠",
    "description": "用加速火把杀死一只森林生物群系的蝙蝠",
    "frame": "challenge"
  },
  "parent": "minecraft:adventure/kill_a_mob",
  "criteria": {
    "forest_bat": {
      "trigger": "minecraft:player_killed_entity",
      "conditions": {
        "entity": {
          "type": "minecraft:bat",
          "location": {
            "biome": "minecraft:forest"
          }
        },
        "killing_blow": {
          "source_entity": {
            "equipment": {
              "mainhand": {
                "nbt": "{UTools:['torcherino']}"
              }
            }
          }
        }
      }
    }
  },
  "rewards": {
    "experience": 50
  }
}