{
  "parent": "minecraft:adventure/shoot_arrow",
  "display": {
    "icon": {
      "item": "minecraft:warped_fungus_on_a_stick",
      "nbt": "{CustomModelData:233465}"
    },
    "title": "现代化武器",
    "description": "使用发射仪击杀一只铁傀儡"
  },
  "criteria": {
    "trigger": {
      "trigger": "minecraft:player_killed_entity",
      "conditions": {
        "entity": {
          "type": "minecraft:iron_golem"
        },
        "killing_blow": {
          "direct_entity": {
            "type": "minecraft:arrow"
          },
          "source_entity": {
            "equipment": {
              "mainhand": {
                "nbt": "{UTools:['shooter']}"
              }
            }
          }
        }
      }
    }
  }
}