{
  "criteria": {
    "hurt_entity": {
      "trigger": "minecraft:player_hurt_entity",
      "conditions": {
        "player": [
          {
            "condition": "minecraft:entity_properties",
            "entity": "this",
            "predicate": {
              "equipment": {
                "mainhand": {
                  "nbt": "{UTools:['torcherino']}"
                }
              }
            }
          }
        ]
      }
    }
  },
  "rewards": {
    "function": "utools:torcherino/attack"
  }
}