{
  "pools": [
    {
      "rolls": 1,
      "entries": [
        {
          "type": "minecraft:item",
          "name": "minecraft:skeleton_spawn_egg"
        }
      ],
      "functions": [
        {
          "function": "minecraft:set_nbt",
          "tag": "{display:{Name:'{\"text\":\"紫刷怪蛋\",\"italic\":false}'},EntityTag:{CustomName:'',HandItems:[{id:'minecraft:golden_sword',Count:1b,tag:{Enchantments:[{id:'minecraft:fire_aspect',lvl:1s}]}},{}],ArmorItems:[{id:'minecraft:leather_boots',Count:1b,tag:{display:{color:8388863}}},{id:'minecraft:leather_leggings',Count:1b,tag:{display:{color:8388863}}},{id:'minecraft:leather_chestplate',Count:1b,tag:{display:{color:8388863}}},{id:'minecraft:golden_helmet',Count:1b}],Tags:['imobs.purple']}}"
        },
        {
          "function": "minecraft:set_count",
          "count": 64
        }
      ]
    }
  ]
}