{
  "providers":[
    {
      "type":"bitmap",
      "file":"teleport:history.png",
      "height":11.0,
      "ascent":9.0,
      "chars":["史"]
    },
    {
      "type":"bitmap",
      "file":"teleport:point.png",
      "height":11.0,
      "ascent":9.0,
      "chars":["点"]
    },
    {
      "type":"bitmap",
      "file":"teleport:undo.png",
      "height":11.0,
      "ascent":9.0,
      "chars":["撤"]
    },
    {
      "type":"bitmap",
      "file":"teleport:delete.png",
      "height":11.0,
      "ascent":9.0,
      "chars":["删"]
    },
    {
      "type":"bitmap",
      "file":"teleport:forward.png",
      "height":11.0,
      "ascent":9.0,
      "chars":["传"]
    },
    {
      "type":"bitmap",
      "file":"teleport:point-set.png",
      "height":11.0,
      "ascent":9.0,
      "chars":["改"]
    },
    {
      "type":"bitmap",
      "file":"teleport:spawn.png",
      "height":11.0,
      "ascent":9.0,
      "chars":["生"]
    },
    {
      "type":"bitmap",
      "file":"teleport:point-new.png",
      "height":11.0,
      "ascent":9.0,
      "chars":["新"]
    },
    {
      "type":"bitmap",
      "file":"teleport:clear.png",
      "height":11.0,
      "ascent":9.0,
      "chars":["清"]
    },
    {
      "type":"bitmap",
      "file":"teleport:settings.png",
      "height":11.0,
      "ascent":9.0,
      "chars":["设"]
    }
  ]
}