{
  "pools": [
    {
      "rolls": 1,
      "entries": [
        {
          "type": "minecraft:item",
          "name": "minecraft:skeleton_spawn_egg"
        }
      ],
      "functions": [
        {
          "function": "minecraft:set_nbt",
          "tag": "{EntityTag:{HandItems:[{id:'minecraft:bow',Count:1b},{id:'minecraft:tipped_arrow',Count:1b,tag:{Potion:'minecraft:poison'}}],ArmorItems:[{id:'minecraft:leather_boots',Count:1b,tag:{display:{color:43520}}},{id:'minecraft:leather_leggings',tag:{display:{color:43520}},Count:1b},{id:'minecraft:leather_chestplate',tag:{display:{color:43520}},Count:1b},{id:'minecraft:leather_helmet',tag:{display:{color:43520}},Count:1b}],Tags:['imobs-hunter','imobs-bow']}}"
        }
      ]
    }
  ]
}