{
  "pools": [
    {
      "rolls": 1,
      "entries": [
        {
          "type": "minecraft:item",
          "name": "minecraft:carrot_on_a_stick",
          "functions": [
            {
              "function": "minecraft:set_nbt",
              "tag": "{CustomModelData:233461,display:{Name:'{\"text\":\"收割镰\",\"italic\":false}'},AttributeModifiers:[{Name:\"Muggle2077\",AttributeName:\"generic.attack_damage\",Amount:1.0d,Slot:'mainhand',Operation:0,UUID:[I;233456,233456,233456,233456]},{Name:\"Muggle2077\",AttributeName:\"generic.attack_speed\",Amount:-1.0d,Slot:'mainhand',Operation:0,UUID:[I;233456,233456,233456,233457]}],UTools:['#ray','sickle']}"
            }
          ]
        }
      ]
    }
  ]
}