{
  "pools": [
    {
      "rolls": 1,
      "entries": [
        {
          "type": "minecraft:item",
          "name": "minecraft:netherite_boots",
          "functions": [
            {
              "function": "minecraft:set_nbt",
              "tag": "{Teleport:['#extra','boots'],display:{Name:'{\"translate\":\"teleport.extra.boots\",\"italic\":false}'},Unbreakable:1b,Enchantments:[{id:\"minecraft:depth_strider\",lvl:3s},{id:\"minecraft:soul_speed\",lvl:3s}]}"
            }
          ]
        }
      ]
    }
  ]
}