{
  "pools": [
    {
      "rolls": 1,
      "entries": [
        {
          "type": "minecraft:item",
          "name": "minecraft:firework_rocket",
          "functions": [
            {
              "function": "minecraft:set_nbt",
              "tag": "{Teleport:['#extra','fuel'],display:{Name:'{\"translate\":\"teleport.extra.fuel\",\"italic\":false}'},Fireworks:{Flight:127b}}"
            },
            {
              "function": "minecraft:set_count",
              "count": 64
            }
          ]
        }
      ]
    }
  ]
}