{
  "pools": [
    {
      "rolls": 1,
      "entries": [
        {
          "type": "minecraft:item",
          "name": "minecraft:written_book",
          "functions": [
            {
              "function": "minecraft:set_nbt",
              "tag": "{title:\"控制\",author:\"Muggle2077\",pages:['[\"\",{\"text\":\"Recorder\",\"color\":\"gold\"},{\"text\":\"\n作者: Muggle2077\n\",\"color\":\"dark_gray\",\"clickEvent\":{\"action\":\"open_url\",\"value\":\"https://www.mcmod.cn/author/25027.html\"},\"hoverEvent\":{\"action\":\"show_text\",\"value\":\"访问 MCBBS\"}},{\"text\":\"\n> \",\"color\":\"yellow\"},{\"text\":\"开始录制\",\"clickEvent\":{\"action\":\"run_command\",\"value\":\"/function recorder:record/if_start\"},\"hoverEvent\":{\"action\":\"show_text\",\"value\":\"/function recorder:record/if_start\"}},{\"text\":\"\n> \",\"color\":\"yellow\"},{\"text\":\"结束录制\",\"clickEvent\":{\"action\":\"run_command\",\"value\":\"/function recorder:record/if_stop\"},\"hoverEvent\":{\"action\":\"show_text\",\"value\":\"/function recorder:record/if_stop\"}},{\"text\":\"\n> \",\"color\":\"yellow\"},{\"text\":\"开始播放\",\"clickEvent\":{\"action\":\"run_command\",\"value\":\"/function recorder:play/if_start\"},\"hoverEvent\":{\"action\":\"show_text\",\"value\":\"/function recorder:play/if_start\"}},{\"text\":\"\n> \",\"color\":\"yellow\"},{\"text\":\"结束播放\",\"clickEvent\":{\"action\":\"run_command\",\"value\":\"/function recorder:play/if_stop\"},\"hoverEvent\":{\"action\":\"show_text\",\"value\":\"/function recorder:play/if_stop\"}}]']}"
            }
          ]
        }
      ]
    }
  ]
}