{
  "parent": "minecraft:recipes/root",
  "criteria": {
    "has_raw_gold_block": {
      "conditions": {
        "items": [
          {
            "item": "minecraft:structure_block"
          }
        ]
      },
      "trigger": "minecraft:inventory_changed"
    },
    "has_the_recipe": {
      "conditions": {
        "recipe": "minecraft:raw_gold"
      },
      "trigger": "minecraft:recipe_unlocked"
    }
  },
  "requirements": [
    [
      "has_raw_gold_block",
      "has_the_recipe"
    ]
  ],
  "rewards": {
    "recipes": [
      "minecraft:raw_gold"
    ]
  }
}