{
  "pools": [
    {
      "rolls": 1,
      "entries": [
        {
          "type": "minecraft:item",
          "name": "minecraft:warped_fungus_on_a_stick",
          "functions": [
            {
              "function": "minecraft:set_nbt",
              "tag": "{CustomModelData:233471,display:{Name:'{\"text\":\"愤怒制造仪\",\"italic\":false}',Lore:['{\"text\":\"无目标\",\"color\":\"gray\",\"italic\":false}']},UTools:['anger_maker'],Target:[]}"
            }
          ]
        }
      ]
    }
  ]
}