{
  "pools": [
    {
      "rolls": 1,
      "entries": [
        {
          "type": "minecraft:item",
          "name": "minecraft:warped_fungus_on_a_stick",
          "functions": [
            {
              "function": "minecraft:set_nbt",
              "tag": "{CustomModelData:233456,display:{Name:'{\"text\":\"搬运架\",\"italic\":false}',Lore:['{\"text\":\"无方块\",\"color\":\"gray\",\"italic\":false}']},AttributeModifiers:[{Name:\"Muggle2077\",AttributeName:\"generic.attack_damage\",Amount:4.0d,Slot:'mainhand',Operation:0,UUID:[I;233456,233456,233456,233456]},{Name:\"Muggle2077\",AttributeName:\"generic.attack_speed\",Amount:-2.9d,Slot:'mainhand',Operation:0,UUID:[I;233456,233456,233456,233457]}],UTools:['#ray','carrier'],CarriedBlock:{}}"
            }
          ]
        }
      ]
    }
  ]
}