{
  "pools": [
    {
      "rolls": 1,
      "entries": [
        {
          "type": "minecraft:item",
          "name": "minecraft:carrot_on_a_stick",
          "functions": [
            {
              "function": "minecraft:set_nbt",
              "tag": "{CustomModelData:233474,display:{Name:'{\"text\":\"火球杖\",\"italic\":false}'},AttributeModifiers:[{Name:\"Muggle2077\",AttributeName:\"generic.attack_damage\",Amount:5.0d,Slot:'mainhand',Operation:0,UUID:[I;233456,233456,233456,233456]},{Name:\"Muggle2077\",AttributeName:\"generic.attack_speed\",Amount:-2.4d,Slot:'mainhand',Operation:0,UUID:[I;233456,233456,233456,233457]}],Enchantments:[{id:\"minecraft:fire_aspect\",lvl:2s}],UTools:['fireball_wand']}"
            }
          ]
        }
      ]
    }
  ]
}