{
  "pools": [
    {
      "rolls": 1,
      "entries": [
        {
          "type": "minecraft:item",
          "name": "minecraft:creeper_spawn_egg"
        }
      ],
      "functions": [
        {
          "function": "minecraft:set_nbt",
          "tag": "{display:{Name:'{\"text\":\"灰刷怪蛋\",\"italic\":false}'},EntityTag:{CustomName:'',Attributes:[{Name:\"minecraft:generic.movement_speed\",Base:0.5d}],Fuse:20s,ExplosionRadius:2b,Tags:['utools.gray']}}"
        },
        {
          "function": "minecraft:set_count",
          "count": 64
        }
      ]
    }
  ]
}