{
  "pools": [
    {
      "rolls": 1,
      "entries": [
        {
          "type": "minecraft:item",
          "name": "minecraft:skeleton_spawn_egg"
        }
      ],
      "functions": [
        {
          "function": "minecraft:set_nbt",
          "tag": "{display:{Name:'{\"text\":\"绿刷怪蛋\",\"italic\":false}'},EntityTag:{CustomName:'',HandItems:[{id:'minecraft:bow',Count:1b},{id:'minecraft:tipped_arrow',Count:1b,tag:{Potion:'minecraft:poison'}}],ArmorItems:[{id:'minecraft:leather_boots',Count:1b,tag:{display:{color:43520}}},{id:'minecraft:leather_leggings',Count:1b,tag:{display:{color:43520}}},{id:'minecraft:leather_chestplate',Count:1b,tag:{display:{color:43520}}},{id:'minecraft:leather_helmet',Count:1b,tag:{display:{color:43520}}}],Tags:['utools.green','utools.bow']}}"
        },
        {
          "function": "minecraft:set_count",
          "count": 64
        }
      ]
    }
  ]
}