{
  "pools": [
    {
      "rolls": 1,
      "entries": [
        {
          "type": "minecraft:item",
          "name": "minecraft:warped_fungus_on_a_stick",
          "functions": [
            {
              "function": "minecraft:set_nbt",
              "tag": "{CustomModelData:233473,display:{Name:'{\"text\":\"移动记录仪\",\"italic\":false}',Lore:['{\"text\":\"未录制\",\"color\":\"gray\",\"italic\":false}']},UTools:['recorder'],Records:[]}"
            }
          ]
        }
      ]
    }
  ]
}