{
  "pools": [
    {
      "rolls": 1,
      "entries": [
        {
          "type": "minecraft:item",
          "name": "minecraft:carrot_on_a_stick",
          "functions": [
            {
              "function": "minecraft:set_nbt",
              "tag": "{CustomModelData:233475,display:{Name:'{\"text\":\"麻袋\",\"italic\":false}',Lore:['{\"text\":\"空的\",\"color\":\"gray\",\"italic\":false}']},UTools:['sack'],CapturedEntity:{id:-1}}"
            }
          ]
        }
      ]
    }
  ]
}