{
  "pools": [
    {
      "rolls": 1,
      "entries": [
        {
          "type": "minecraft:item",
          "name": "minecraft:warped_fungus_on_a_stick",
          "functions": [ 
            {
              "function": "minecraft:copy_nbt",
              "source": "this",
              "ops": [
                {
                  "source": "ArmorItems[0].tag",
                  "target": "{}",
                  "op": "merge"
                }
              ]
            },
            {
              "function": "minecraft:set_lore",
              "lore": [[{"text":"已录制 ","color":"gray","italic":false},{"score":{"objective":"utools.value","name":"*"}}," 帧"]],
              "entity": "this",
              "replace": true
            }
          ]
        }
      ]
    }
  ]
}