{
  "pools": [
    {
      "rolls": 1,
      "entries": [
        {
          "type": "minecraft:item",
          "name": "minecraft:warped_fungus_on_a_stick",
          "functions": [
            {
              "function": "minecraft:set_nbt",
              "tag": "{CustomModelData:233460,display:{Name:'{\"text\":\"加速火把\",\"italic\":false}'},AttributeModifiers:[{Name:\"Muggle2077\",AttributeName:\"generic.attack_damage\",Amount:1.5d,Slot:'mainhand',Operation:0,UUID:[I;233456,233456,233456,233456]}],UTools:['torcherino']}"
            }
          ]
        }
      ]
    }
  ]
}