{
  "parent": "minecraft:item/handheld_rod",
  "overrides": [
    { "predicate": { "custom_model_data": 233333 }, "model": "builder:select" },
    { "predicate": { "custom_model_data": 233334 }, "model": "builder:forward" },
    { "predicate": { "custom_model_data": 233335 }, "model": "builder:backward" },
    { "predicate": { "custom_model_data": 233336 }, "model": "builder:segment" },
    { "predicate": { "custom_model_data": 233337 }, "model": "builder:cuboid" },
    { "predicate": { "custom_model_data": 233338 }, "model": "builder:settings" }
  ],
  "textures": {
    "layer0": "minecraft:item/carrot_on_a_stick"
  }
}