{
  "providers":[
    { "type":"bitmap", "file":"teleport:forward.png", "height":11.0, "ascent":9.0, "chars":["传"] },
    { "type":"bitmap", "file":"teleport:backward.png", "height":11.0, "ascent":9.0, "chars":["后"] },
    { "type":"bitmap", "file":"teleport:through.png", "height":11.0, "ascent":9.0, "chars":["穿"] },
    { "type":"bitmap", "file":"teleport:top.png", "height":11.0, "ascent":9.0, "chars":["顶"] },
    { "type":"bitmap", "file":"teleport:the_nether.png", "height":11.0, "ascent":9.0, "chars":["界"] },
    { "type":"bitmap", "file":"teleport:random.png", "height":11.0, "ascent":9.0, "chars":["随"] },
    { "type":"bitmap", "file":"teleport:undo.png", "height":11.0, "ascent":9.0, "chars":["撤"] },
    { "type":"bitmap", "file":"teleport:history.png", "height":11.0, "ascent":9.0, "chars":["史"] },
    { "type":"bitmap", "file":"teleport:point.png", "height":11.0, "ascent":9.0, "chars":["点"] },
    { "type":"bitmap", "file":"teleport:settings.png", "height":11.0, "ascent":9.0, "chars":["设"] },
    { "type":"bitmap", "file":"teleport:point.modify.png", "height":11.0, "ascent":9.0, "chars":["改"] },
    { "type":"bitmap", "file":"teleport:delete.png", "height":11.0, "ascent":9.0, "chars":["删"] },
    { "type":"bitmap", "file":"teleport:spawn.png", "height":11.0, "ascent":9.0, "chars":["生"] },
    { "type":"bitmap", "file":"teleport:point.add.png", "height":11.0, "ascent":9.0, "chars":["新"] },
    { "type":"bitmap", "file":"teleport:clear.png", "height":11.0, "ascent":9.0, "chars":["清"] }
  ]
}