{
  "pools": [
    {
      "rolls": 1,
      "entries": [
        {
          "type": "minecraft:item",
          "name": "minecraft:stone",
          "functions": [
            {
              "function": "minecraft:set_attributes",
              "modifiers": [
                {
                  "slot": "mainhand",
                  "name": "calcprac-random",
                  "attribute": "minecraft:generic.luck",
                  "operation": "addition",
                  "amount": {
                    "min": 2,
                    "max": 9
                  }
                }
              ]
            },
            {
              "function": "set_nbt",
              "tag": "{CalcPracRandom:1b}"
            }
          ]
        }
      ]
    }
  ]
}