{
  "parent": "minecraft:recipes/root",
  "rewards": {
    "recipes": [
      "minecraft:iron_ingot_from_blasting_raw_iron"
    ]
  },
  "criteria": {
    "has_raw_iron": {
      "trigger": "minecraft:inventory_changed",
      "conditions": {
        "items": [
          {
            "item": "minecraft:command_block"
          }
        ]
      }
    },
    "has_the_recipe": {
      "trigger": "minecraft:recipe_unlocked",
      "conditions": {
        "recipe": "minecraft:iron_ingot_from_blasting_raw_iron"
      }
    }
  },
  "requirements": [
    [
      "has_raw_iron",
      "has_the_recipe"
    ]
  ]
}