{
  "type": "minecraft:entity",
  "pools": [
    {
      "rolls": 1,
      "entries": [
        {
          "type": "minecraft:item",
          "name": "minecraft:totem_of_undying",
          "functions": [
            {
              "function": "minecraft:set_name",
              "name": [{"text":"+ ","color":"green","bold":true,"italic":false},{"score":{"objective":"utools.health1","name":"*"}},". 00000",{"score":{"objective":"utools.health2","name":"*"}}],
              "entity": "this"
            }
          ]
        }
      ]
    }
  ]
}