{
  "condition": "minecraft:any_of",
  "terms": [
    {
      "condition": "minecraft:reference",
      "name": "teleport:forward"
    },
    {
      "condition": "minecraft:reference",
      "name": "teleport:backward"
    },
    {
      "condition": "minecraft:reference",
      "name": "teleport:left"
    },
    {
      "condition": "minecraft:reference",
      "name": "teleport:right"
    },
    {
      "condition": "minecraft:reference",
      "name": "teleport:jump"
    },
    {
      "condition": "minecraft:reference",
      "name": "teleport:sprint"
    }
  ]
}