{
  "providers":[
    { "type":"bitmap", "file":"teleport:history_24.png", "height":12.0, "ascent":10.0, "chars":["史"] },
    { "type":"bitmap", "file":"teleport:undo_24.png", "height":12.0, "ascent":10.0, "chars":["撤"] },
    { "type":"bitmap", "file":"teleport:delete_24.png", "height":12.0, "ascent":10.0, "chars":["删"] },
    { "type":"bitmap", "file":"teleport:record_start_24.png", "height":12.0, "ascent":10.0, "chars":["开"] },
    { "type":"bitmap", "file":"teleport:record_pause_24.png", "height":12.0, "ascent":10.0, "chars":["暂"] },
    { "type":"bitmap", "file":"teleport:clear_24.png", "height":12.0, "ascent":10.0, "chars":["清"] },
    { "type":"bitmap", "file":"teleport:point_24.png", "height":12.0, "ascent":10.0, "chars":["点"] },
    { "type":"bitmap", "file":"teleport:to_24.png", "height":12.0, "ascent":10.0, "chars":["传"] },
    { "type":"bitmap", "file":"teleport:modify_the_point_24.png", "height":12.0, "ascent":10.0, "chars":["改"] },
    { "type":"bitmap", "file":"teleport:spawn_24.png", "height":12.0, "ascent":10.0, "chars":["生"] },
    { "type":"bitmap", "file":"teleport:add_a_point_24.png", "height":12.0, "ascent":10.0, "chars":["新"] },
    { "type":"bitmap", "file":"teleport:settings_24.png", "height":12.0, "ascent":10.0, "chars":["设"] },
    { "type":"bitmap", "file":"teleport:refresh_24.png", "height":12.0, "ascent":10.0, "chars":["刷"] },
    { "type":"bitmap", "file":"teleport:reset_24.png", "height":12.0, "ascent":10.0, "chars":["默"] }
  ]
}