{
  "providers":[
    { "type":"bitmap", "file":"teleport:backward.png", "height":16.0, "ascent":12.0, "chars":["后"] },
    { "type":"bitmap", "file":"teleport:build_limit.png", "height":16.0, "ascent":12.0, "chars":["限"] },
    { "type":"bitmap", "file":"teleport:fly.png", "height":16.0, "ascent":12.0, "chars":["飞"] },
    { "type":"bitmap", "file":"teleport:fly_cancel.png", "height":16.0, "ascent":12.0, "chars":["取"] },
    { "type":"bitmap", "file":"teleport:forward.png", "height":16.0, "ascent":12.0, "chars":["前"] },
    { "type":"bitmap", "file":"teleport:history.png", "height":16.0, "ascent":12.0, "chars":["史"] },
    { "type":"bitmap", "file":"teleport:point.png", "height":16.0, "ascent":12.0, "chars":["点"] },
    { "type":"bitmap", "file":"teleport:random.png", "height":16.0, "ascent":12.0, "chars":["随"] },
    { "type":"bitmap", "file":"teleport:random.png", "height":16.0, "ascent":12.0, "chars":["阝迶"] },
    { "type":"bitmap", "file":"teleport:settings.png", "height":16.0, "ascent":12.0, "chars":["设"] },
    { "type":"bitmap", "file":"teleport:spawn.png", "height":16.0, "ascent":12.0, "chars":["生"] },
    { "type":"bitmap", "file":"teleport:the_nether.png", "height":16.0, "ascent":12.0, "chars":["界"] },
    { "type":"bitmap", "file":"teleport:through.png", "height":16.0, "ascent":12.0, "chars":["穿"] },
    { "type":"bitmap", "file":"teleport:top.png", "height":16.0, "ascent":12.0, "chars":["顶"] },
    { "type":"bitmap", "file":"teleport:undo.png", "height":16.0, "ascent":12.0, "chars":["撤"] },
    { "type":"bitmap", "file":"teleport:muggle2077.png", "height":16.0, "ascent":12.0, "chars":["作"] },
    { "type":"bitmap", "file":"teleport:teleport.png", "height":16.0, "ascent":12.0, "chars":["包"] },
    { "type":"bitmap", "file":"teleport:world_spawn.png", "height":16.0, "ascent":12.0, "chars":["世"] },
    { "type":"bitmap", "file":"teleport:clear.png", "height":16.0, "ascent":12.0, "chars":["清"] },
    { "type":"bitmap", "file":"teleport:history_off.png", "height":16.0, "ascent":12.0, "chars":["h"] },
    { "type":"bitmap", "file":"teleport:death.png", "height":16.0, "ascent":12.0, "chars":["死"] },
    { "type":"bitmap", "file":"teleport:death_off.png", "height":16.0, "ascent":12.0, "chars":["d"] },
    { "type":"bitmap", "file":"teleport:feedback.png", "height":16.0, "ascent":12.0, "chars":["馈"] },
    { "type":"bitmap", "file":"teleport:feedback_off.png", "height":16.0, "ascent":12.0, "chars":["f"] },
    { "type":"bitmap", "file":"teleport:sounds.png", "height":16.0, "ascent":12.0, "chars":["声"] },
    { "type":"bitmap", "file":"teleport:sounds_off.png", "height":16.0, "ascent":12.0, "chars":["s"] },
    { "type":"bitmap", "file":"teleport:the_end.png", "height":16.0, "ascent":12.0, "chars":["末"] }
  ]
}