{
  "parent": "item/handheld_rod",
  "overrides": [
    { "predicate": { "custom_model_data": 233666 }, "model": "teleport:forward"},
    { "predicate": { "custom_model_data": 233667 }, "model": "teleport:backward"},
    { "predicate": { "custom_model_data": 233668 }, "model": "teleport:undo"},
    { "predicate": { "custom_model_data": 233669 }, "model": "teleport:history"},
    { "predicate": { "custom_model_data": 233670 }, "model": "teleport:point"},
    { "predicate": { "custom_model_data": 233671 }, "model": "teleport:random"},
    { "predicate": { "custom_model_data": 233672 }, "model": "teleport:settings"},
    { "predicate": { "custom_model_data": 233673 }, "model": "teleport:the_nether"}
  ],
  "textures": {
    "layer0": "item/carrot_on_a_stick"
  }
}