{
  "parent": "minecraft:item/handheld_rod",
  "overrides": [
    { "predicate": { "custom_model_data": 233666 }, "model": "teleport:forward" },
    { "predicate": { "custom_model_data": 233667 }, "model": "teleport:backward" },
    { "predicate": { "custom_model_data": 233668 }, "model": "teleport:undo" },
    { "predicate": { "custom_model_data": 233669 }, "model": "teleport:history" },
    { "predicate": { "custom_model_data": 233670 }, "model": "teleport:point" },
    { "predicate": { "custom_model_data": 233671 }, "model": "teleport:random" },
    { "predicate": { "custom_model_data": 233672 }, "model": "teleport:settings" },
    { "predicate": { "custom_model_data": 233673 }, "model": "teleport:the_nether" },
    { "predicate": { "custom_model_data": 233674 }, "model": "teleport:through" },
    { "predicate": { "custom_model_data": 233675 }, "model": "teleport:top" },
    { "predicate": { "custom_model_data": 233676 }, "model": "teleport:fly" },
    { "predicate": { "custom_model_data": 233677 }, "model": "teleport:build_limit" },
    { "predicate": { "custom_model_data": 233678 }, "model": "teleport:spawn" }
  ],
  "textures": {
    "layer0": "minecraft:item/carrot_on_a_stick"
  }
}